,corp_code,corp_name,stock_code
0,01170962,GRT,900290
1,01139266,로스웰,900260
2,01107665,크리스탈신소재,900250
3,00125938,삼보판지,023600
4,01068348,러셀,217500
5,01236286,컬러레이,900310
6,00186939,특수건설,026150
7,01169434,오가닉티코스메틱,900300
8,00133663,세동,053060
9,00132318,성광벤드,014620
10,00267881,보성파워텍,006910
11,00351630,세코닉스,053450
12,00867098,티로보틱스,117730
13,00601191,하나기술,299030
14,00438036,팅크웨어,084730
15,01255652,레이크머티리얼즈,281740
16,00664181,인텔리안테크,189300
17,01058101,라파스,214260
18,01213586,아이디피,332370
19,00552992,진매트릭스,109820
20,00396925,엠로,058970
21,01141942,액트로,290740
22,00447760,미래컴퍼니,049950
23,00118284,동일금속,109860
24,00442145,아바코,083930
25,00411446,큐에스아이,066310
26,01137295,프리시젼바이오,335810
27,00532129,영림원소프트랩,060850
28,01459212,원준,382840
29,00763473,코스메카코리아,241710
30,00442048,아바텍,149950
31,00267979,한일화학,007770
32,00530121,디에스케이,109740
33,00946030,로보티즈,108490
34,00609324,뷰웍스,100120
35,00125488,삼륭물산,014970
36,00260879,카페24,042000
37,00304915,코리아에셋투자증권,190650
38,00362159,웰크론,065950
39,01303029,알비더블유,361570
40,01311286,퀀타매트릭스,317690
41,00561732,아스플로,159010
42,00417167,풍원정밀,371950
43,00631837,안트로젠,065660
44,00367385,효성오앤비,097870
45,00632793,전진바이오팜,110020
46,01407909,원텍,336570
47,01208849,나인테크,267320
48,01135640,이삭엔지니어링,351330
49,01046708,바디텍메드,206640
50,00688358,하이즈항공,221840
51,00599151,SV인베스트먼트,289080
52,00991191,앱클론,174900
53,01301623,비씨엔씨,146320
54,00139685,양지사,030960
55,00975290,에이스토리,241840
56,00867973,서남,294630
57,00828761,레이,228670
58,00170877,진로발효,018120
59,00877819,데이타솔루션,263800
60,00105475,금강철강,053260
61,00529815,오디텍,080520
62,00363486,로체시스템즈,071280
63,00303396,한국컴퓨터,054040
64,00985686,큐브엔터,182360
65,00974927,NEW,160550
66,00899459,레이언스,228850
67,00148595,제일테크노스,038010
68,00258689,JYP Ent.,035900
69,00800145,서진오토모티브,122690
70,00411385,유비쿼스홀딩스,078070
71,00660291,옵티시스,109080
72,01124653,슈프리마,236200
73,00266952,네오위즈홀딩스,042420
74,01170865,네오셈,253590
75,00484682,엘오티베큠,083310
76,00155373,풍강,093380
77,00111193,대양전기공업,108380
78,00490179,플랜티넷,075130
79,01258710,이노메트리,302430
80,00220686,에스피지,058610
81,00429694,파버나인,177830
82,00857727,하림,136480
83,00636656,바이오플러스,099430
84,00476036,에프엔에스테크,083500
85,00157539,KB오토시스,024120
86,00671978,그리티,204020
87,00369170,인터플렉스,051370
88,00530556,예스티,122640
89,00128661,에스에이엠티,031330
90,00641171,인지소프트,100030
91,00223434,에프에스티,036810
92,00864338,웹스,196700
93,01169267,세화피앤씨,252500
94,00325112,프로텍,053610
95,00925295,에프엔씨엔터,173940
96,00250997,대정화금,120240
97,00599957,슈프리마에이치큐,094840
98,00807379,신흥에스이씨,243840
99,00378628,KH바텍,060720
100,00897752,천보,278280
101,00363246,우원개발,046940
102,00145473,이글벳,044960
103,00575106,씨유테크,376290
104,01397772,큐라클,365270
105,01441611,원티드랩,376980
106,00533508,제이엠티,094970
107,00405320,웹젠,069080
108,00203023,시노펙스,025320
109,00609661,티쓰리,204610
110,00216498,성도이엔지,037350
111,00298340,에스티아이,039440
112,01174038,자비스,254120
113,00858124,알에스오토메이션,140670
114,00335076,오픈베이스,049480
115,00441650,케이씨에스,115500
116,00127909,삼일,032280
117,00243757,인포뱅크,039290
118,00478900,빅솔론,093190
119,01405390,핌스,347770
120,01014718,제노코,361390
121,00870861,와이엠씨,155650
122,01354740,브이씨,365900
123,00231354,파워넷,037030
124,00407285,아이컴포넌트,059100
125,00239596,쎄니트,037760
126,00577335,대성하이텍,129920
127,01222432,에스제이그룹,306040
128,00174208,진성티이씨,036890
129,00659976,영화테크,265560
130,01160512,헝셩그룹,900270
131,00181299,상아프론테크,089980
132,01364747,가온칩스,399720
133,00654272,램테크놀러지,171010
134,00327819,선익시스템,171090
135,00257732,한국정밀기계,101680
136,00176516,금화피에스시,036190
137,01686755,파인엠텍,441270
138,00171867,에스씨디,042110
139,00287788,정상제이엘에스,040420
140,01047840,미스터블루,207760
141,01419135,이노진,344860
142,00587457,갤럭시아머니트리,094480
143,00124276,부스타,008470
144,00155151,피에이치에이,043370
145,00138446,아가방컴퍼니,013990
146,00269612,파워로직스,047310
147,00350482,성우테크론,045300
148,00256715,국순당,043650
149,00127936,삼일기업공사,002290
150,00447928,네오티스,085910
151,00759294,와이솔,122990
152,00445799,서원인텍,093920
153,00364306,성우전자,081580
154,00244783,한네트,052600
155,00152783,코메론,049430
156,00623661,원익머트리얼즈,104830
157,00226866,인탑스,049070
158,01101041,패션플랫폼,225590
159,01327092,라닉스,317120
160,00365758,아이앤씨,052860
161,00808022,메지온,140410
162,00296005,우리로,046970
163,01077577,우리산업,215360
164,00221728,하츠,066130
165,00761952,아나패스,123860
166,00188797,포메탈,119500
167,01069736,한독크린텍,256150
168,00374020,이엘피,063760
169,01139965,스튜디오미르,408900
170,00264228,위즈코프,038620
171,00256380,유아이엘,049520
172,00167004,흥구석유,024060
173,01199189,이랜시스,264850
174,00112721,대창스틸,140520
175,00604815,에스디시스템,121890
176,01291317,더블유씨피,393890
177,00961774,유티아이,179900
178,00154718,비츠로셀,082920
179,00350020,파인디앤씨,049120
180,00125646,삼목에스폼,018310
181,00422284,메가스터디,072870
182,00234227,유진로봇,056080
183,00527464,에이치시티,072990
184,00249982,솔본,035610
185,00540429,휴림로봇,090710
186,00398808,디지털대성,068930
187,00265005,옴니시스템,057540
188,00626011,아이텍,119830
189,00348034,액토즈소프트,052790
190,00761059,펌텍코리아,251970
191,00185356,제룡전기,033100
192,00359076,브리지텍,064480
193,00439965,나노신소재,121600
194,01487446,씨엔알리서치,359090
195,00628860,네오위즈,095660
196,00576789,디젠스,113810
197,00360674,코위버,056360
198,00133557,PN풍년,024940
199,00141608,오리엔탈정공,014940
200,00404288,아진엑스텍,059120
201,00135467,승일,049830
202,01301252,티이엠씨,425040
203,00579971,칩스앤미디어,094360
204,00364847,이글루,067920
205,00883980,아이디스,143160
206,00604426,인터로조,119610
207,00491053,진바이오텍,086060
208,00359580,아이디스홀딩스,054800
209,00201131,아즈텍WB,032080
210,00925189,신화콘텍,187270
211,00866062,엘티씨,170920
212,00305297,코텍,052330
213,00185222,크린앤사이언스,045520
214,00161781,아난티,025980
215,00612188,에스티오,098660
216,01505186,하이딥,365590
217,00137012,에스앤더블류,103230
218,00235183,에이치케이,044780
219,00807397,코이즈,121850
220,00133876,세보엠이씨,011560
221,00347062,현대바이오랜드,052260
222,00264732,파인디지털,038950
223,00879020,유니트론텍,142210
224,00295547,디지아이,043360
225,00186717,태양,053620
226,00177816,대주전자재료,078600
227,00351807,대원미디어,048910
228,01326224,원바이오젠,307280
229,00109587,대륙제관,004780
230,01196313,유에스티,263770
231,00447502,바이오톡스텍,086040
232,00261009,감성코퍼레이션,036620
233,00916826,드림씨아이에스,223250
234,01187494,덴티스,261200
235,00246417,이오테크닉스,039030
236,00406727,세진티에스,067770
237,00231664,우리기술투자,041190
238,00921916,석경에이티,357550
239,00162832,한일단조,024740
240,00266934,파루,043200
241,00369657,리노공업,058470
242,00351092,삼보모터스,053700
243,00563518,비나텍,126340
244,00360577,엑사이엔씨,054940
245,00204262,한글과컴퓨터,030520
246,00238153,파세코,037070
247,00258421,기산텔레콤,035460
248,01062867,디알텍,214680
249,00359623,우리산업홀딩스,072470
250,00240857,바이오스마트,038460
251,00306162,상상인,038540
252,00485177,일진파워,094820
253,00261355,레드캡투어,038390
254,00423177,텔레칩스,054450
255,00231442,디지틀조선,033130
256,01013311,헥토이노베이션,214180
257,01035368,티에프이,425420
258,00961570,신도기연,290520
259,00148364,하림지주,003380
260,00997812,코미코,183300
261,00695969,동운아나텍,094170
262,00537832,푸른기술,094940
263,00128926,삼현철강,017480
264,00612489,아이쓰리시스템,214430
265,00140052,에이스침대,003800
266,00367455,현우산업,092300
267,01142075,핑거,163730
268,00201742,유라테크,048430
269,00666064,셀바스AI,108860
270,00608839,에이루트,096690
271,00202839,한창산업,079170
272,00367871,인바이오,352940
273,00400060,이씨에스,067010
274,01397620,루닛,328130
275,00139083,아진산업,013310
276,00994994,나노,187790
277,00201733,TJ미디어,032540
278,01047451,셀바스헬스케어,208370
279,00569646,영우디에스피,143540
280,00152260,카스,016920
281,00398668,휴비츠,065510
282,00340272,에스폴리텍,050760
283,01158553,켄코아에어로스페이스,274090
284,00993931,동양파일,228340
285,00819073,인크로스,216050
286,01367586,제이아이테크,417500
287,01165739,잉글우드랩,950140
288,00551920,네오팜,092730
289,01488320,필에너지,378340
290,01712616,엔에이치스팩29호,451700
291,01791321,하나30호스팩,469880
292,01305869,세니젠,188260
293,01785551,KB제27호스팩,464680
294,00561723,쏘닉스,088280
295,01146220,팸텍,271830
296,00167031,흥국,010240
297,00449379,도이치모터스,067990
298,00239514,삼진엘앤디,054090
299,01082418,SAMG엔터,419530
300,01328639,윙입푸드,900340
301,00191287,대동금속,020400
302,01144028,씨티케이,260930
303,00495633,율촌,146060
304,00121686,엠케이전자,033160
305,00409371,인베니아,079950
306,00525882,크레버스,096240
307,01516368,산돌,419120
308,00892526,디케이앤디,263020
309,00410997,누리플랜,069140
310,01305249,스톤브릿지벤처스,330730
311,00494218,엘엠에스,073110
312,01136348,나무기술,242040
313,00536888,케이알엠,093640
314,01080252,넥스틴,348210
315,01416572,세림B&G,340440
316,01775952,한국제13호스팩,464440
317,01402995,케이엔에스,432470
318,01494154,지니너스,389030
319,01021639,나라셀라,405920
320,00103547,우진비앤지,018620
321,00173032,동화기업,025900
322,00228350,신화인터텍,056700
323,00520610,씨큐브,101240
324,00133751,세명전기,017510
325,00137234,모베이스전자,012860
326,00255433,라온시큐어,042510
327,00389970,다날,064260
328,00361594,DMS,068790
329,00363592,한컴위드,054920
330,00390365,토비스,051360
331,01309421,제이엔비,452160
332,00365934,코세스,089890
333,01112700,에스엘에스바이오,246250
334,01203376,유비쿼스,264450
335,00372688,티사이언티픽,057680
336,00965512,라온텍,418420
337,00441304,가온그룹,078890
338,00619507,와이씨켐,112290
339,01497124,캡스톤파트너스,452300
340,00269852,폴라리스오피스,041020
341,00472890,동국알앤에스,075970
342,00456218,모두투어,080160
343,00531917,톱텍,108230
344,01134216,트루엔,417790
345,00614593,넥스트아이,137940
346,00800084,씨엑스아이,900120
347,00163318,모헨즈,006920
348,00490151,파트론,091700
349,00138747,아세아텍,050860
350,00483735,해성옵틱스,076610
351,00231105,동성화인텍,033500
352,01030503,우진엔텍,457550
353,01792825,대신밸런스제17호스팩,471050
354,01493535,모비데이즈,363260
355,01335578,애니플러스,310200
356,00105040,뉴인텍,012340
357,00152437,케이프,064820
358,00303192,디에이피,066900
359,00353762,키이스트,054780
360,00173999,유성티엔에스,024800
361,00862312,포스뱅크,105760
362,00356389,프럼파스트,035200
363,00418379,자연과환경,043910
364,00309460,HB인베스트먼트,440290
365,00652007,메카로,241770
366,00769158,케이엔제이,272110
367,00454399,이상네트웍스,080010
368,00542074,나노캠텍,091970
369,01476219,코스텍시스,355150
370,01043853,베노티앤알,206400
371,00664048,우리넷,115440
372,00605328,씨앤지하이테크,264660
373,01797440,SK증권제11호스팩,472230
374,00468374,원익QnC,074600
375,00260569,유니셈,036200
376,01357446,퓨런티어,370090
377,01787072,유진스팩10호,468760
378,01791561,하나31호스팩,469900
379,00611912,아모그린텍,125210
380,01293953,싸이버원,356890
381,00692254,아이패밀리에스씨,114840
382,00351995,지에스이,053050
383,00957373,펨트론,168360
384,00760999,상신전자,263810
385,00604028,피코그램,376180
386,01685251,컨텍,451760
387,00642897,브레인즈컴퍼니,099390
388,00533191,비보존 제약,082800
389,00913689,세경하이테크,148150
390,01080687,아우딘퓨쳐스,227610
391,01237434,플리토,300080
392,01188378,시스웍,269620
393,00578538,티피씨글로벌,130740
394,00531865,유니테크노,241690
395,00141556,오로라,039830
396,00405719,아이크래프트,052460
397,00602279,그린플러스,186230
398,00624749,에스피시스템스,317830
399,01264872,이노뎁,303530
400,00147994,새로닉스,042600
401,00230814,휴림에이텍,078590
402,01135941,원익IPS,240810
403,00173351,삼진,032750
404,00296324,큐로홀딩스,051780
405,01515864,넥스트칩,396270
406,01676642,사피엔반도체,452430
407,00165103,푸드웰,005670
408,01387164,샤페론,378800
409,01524118,나노팀,417010
410,00362858,예스24,053280
411,00535676,테크윙,089030
412,01110058,바이오인프라,199730
413,00231901,LB인베스트먼트,309960
414,00155735,피제이전자,006140
415,00426828,케이웨더,068100
416,01365038,자람테크놀로지,389020
417,01231786,엑스페릭스,317770
418,00612294,피엔티,137400
419,00264547,KG이니시스,035600
420,01137903,디케이티,290550
421,01442115,소마젠,950200
422,01528141,LS머트리얼즈,417200
423,01147487,뷰티스킨,406820
424,00150165,브이티,018290
425,00390514,이루온,065440
426,00165060,하이록코리아,013030
427,01047415,정다운,208140
428,00599595,BGF에코머티리얼즈,126600
429,01423837,모아데이타,288980
430,00571298,덕우전자,263600
431,00765569,기가비스,420770
432,00693651,비덴트,121800
433,00660459,나노씨엠에스,247660
434,01383229,저스템,417840
435,00920379,티엘비,356860
436,00231707,비트컴퓨터,032850
437,01540815,스튜디오삼익,415380
438,00364403,쏠리드,050890
439,00208444,피에스케이홀딩스,031980
440,01596656,메쎄이상,408920
441,01336461,뉴로메카,348340
442,00378220,버킷스튜디오,066410
443,01792791,IBKS제24호스팩,469480
444,00568188,마이크로컨텍솔,098120
445,00543107,오킨스전자,080580
446,00164502,현대공업,170030
447,00156895,아주IB투자,027360
448,00380429,CMG제약,058820
449,00601988,코난테크놀로지,402030
450,00634728,이크레더블,092130
451,00910840,윈하이텍,192390
452,00109781,대림제지,017650
453,01344202,뷰노,338220
454,00599285,서플러스글로벌,140070
455,00550994,아이센스,099190
456,01566248,에코프로에이치엔,383310
457,00117708,리드코프,012700
458,01546101,아이엠티,451220
459,00407771,듀오백,073190
460,00105138,파라텍,033540
461,00922304,아셈스,136410
462,00925587,위드텍,348350
463,00872656,금양그린파워,282720
464,00125822,삼보산업,009620
465,00228712,동우팜투테이블,088910
466,00140858,와이엠,007530
467,01781847,교보15호스팩,465320
468,01226234,와이바이오로직스,338840
469,00667373,현대힘스,460930
470,01259232,노바텍,285490
471,00413417,우리손에프앤지,073560
472,01816268,KB제29호스팩,478390
473,00939942,포시에스,189690
474,00498001,모베이스,101330
475,00842585,네이블,153460
476,01150515,대명에너지,389260
477,00127954,CJ프레시웨이,051500
478,00350048,오성첨단소재,052420
479,00409140,이원컴포텍,088290
480,00450995,대모,317850
481,00202060,구영테크,053270
482,01251489,라온피플,300120
483,00838962,알서포트,131370
484,01011368,에이치브이엠,295310
485,00625942,한솔아이원스,114810
486,00132992,성우하이텍,015750
487,00365457,제이티,089790
488,00660121,디에이테크놀로지,196490
489,01137383,카카오게임즈,293490
490,01284751,시지트로닉스,429270
491,01785700,IBKS제23호스팩,467930
492,00909835,차이커뮤니케이션,351870
493,01014055,에스트래픽,234300
494,00544577,브이엠,089970
495,01807729,하나33호스팩,475250
496,00110875,대신정보통신,020180
497,01494118,노을,376930
498,01251577,휴네시온,290270
499,01815764,이베스트스팩6호,478110
500,00409681,아스트,067390
501,01845701,교보16호스팩,482520
502,00108490,엔피케이,048830
503,00260930,에스엠,041510
504,00238199,로지시스,067730
505,00259934,예림당,036000
506,00945457,아이진,185490
507,00115931,디오,039840
508,00604268,에이프로,262260
509,00587925,모아라이프플러스,142760
510,00351375,뉴보텍,060260
511,00988364,SGA솔루션즈,184230
512,00825223,화신정공,126640
513,00606293,나이스디앤비,130580
514,01798980,유안타제15호스팩,473050
515,00857480,사람인,143240
516,01232192,티디에스팜,464280
517,01181515,엘앤씨바이오,290650
518,00390860,대산F&B,065150
519,01233465,동국생명과학,303810
520,00265324,CJ ENM,035760
521,01658831,오름테라퓨틱,475830
522,01307335,공구우먼,366030
523,00352064,프리엠스,053160
524,00136226,신성델타테크,065350
525,00562245,태웅로직스,124560
526,00403793,바이브컴퍼니,301300
527,01113718,올릭스,226950
528,00603348,케이아이엔엑스,093320
529,00369107,우리바이오,082850
530,01142260,에스엠씨지,460870
531,00258102,지엔코,065060
532,00130408,서산,079650
533,01641600,에이럭스,475580
534,00471068,덕산하이메탈,077360
535,01064069,토박스코리아,215480
536,01492651,큐로셀,372320
537,01803927,에이유브랜즈,481070
538,00766106,엣지파운드리,105550
539,00577380,신진에스엠,138070
540,01814233,미래에셋비전스팩4호,477380
541,01217014,트윔,290090
542,01381984,SKAI,357880
543,00330044,캠시스,050110
544,01583652,모니터랩,434480
545,01074862,메가스터디교육,215200
546,01814589,디비금융스팩12호,477760
547,00264255,바텍,043150
548,00269922,인바디,041830
549,01540453,에이직랜드,445090
550,00373021,테라사이언스,073640
551,01866528,교보17호스팩,489210
552,00596260,투비소프트,079970
553,00490090,이지케어텍,099750
554,01854408,신한제15호스팩,487830
555,01207901,사이냅소프트,466410
556,01847550,하나34호스팩,484130
557,00159731,글로본,019660
558,00123523,창해에탄올,004650
559,00264945,나이스정보통신,036800
560,00276834,KX하이텍,052900
561,00831428,옵투스제약,131030
562,01010642,지씨셀,144510
563,01217829,엔에프씨,265740
564,00317210,성호전자,043260
565,00153278,서연탑메탈,019770
566,01357765,큐라티스,348080
567,00405959,스타플렉스,115570
568,00351427,와이즈넛,096250
569,00415594,동국S&C,100130
570,00441447,케이씨티,089150
571,00495086,픽셀플러스,087600
572,01003040,케이사인,192250
573,01807738,하나32호스팩,475240
574,01283974,삐아,451250
575,00230036,드래곤플라이,030350
576,00360036,백금T&A,046310
577,00567897,에스비비테크,389500
578,00371485,켐트로닉스,089010
579,01013694,인카금융서비스,211050
580,01159853,휴온스,243070
581,01234507,매일유업,267980
582,01310773,엔시스,333620
583,01179866,에스지헬스케어,398120
584,00453929,메디포스트,078160
585,00765462,씨에스베어링,297090
586,00239639,삼표시멘트,038500
587,00532059,그린생명과학,114450
588,00580199,메디톡스,086900
589,00926522,테고사이언스,191420
590,00297095,나라엠앤디,051490
591,00141246,SGC E&C,016250
592,00104537,국영지앤엠,006050
593,00143907,원일특강,012620
594,00185046,SM C&C,048550
595,00918222,엘앤케이바이오,156100
596,00825959,하이비젼시스템,126700
597,00144650,유신,054930
598,00299464,초록뱀미디어,047820
599,00602136,디와이피엔에프,104460
600,01116265,카티스,140430
601,00220969,오공,045060
602,00236863,희림,037440
603,00313649,현대바이오,048410
604,00331016,에프앤가이드,064850
605,00487546,웰크론한텍,076080
606,00617314,타이거일렉,219130
607,00450931,우양에이치씨,101970
608,00172680,동국산업,005160
609,00829380,피제이메탈,128660
610,00288343,삼영이엔씨,065570
611,00870481,에코캡,128540
612,01047169,지란지교시큐리티,208350
613,01078178,RFHIC,218410
614,01095722,심텍,222800
615,01288410,셀바이오휴먼텍,318160
616,01538528,에이에스텍,453860
617,01138595,뱅크웨어글로벌,199480
618,00132202,선진뷰티사이언스,086710
619,01139035,티에스아이,277880
620,01544468,이엔셀,456070
621,00367400,모티브링크,463480
622,00216762,한양이엔지,045100
623,00536523,로보스타,090360
624,00660750,하나머티리얼즈,166090
625,01208751,아이에스티이,212710
626,01866926,KB제31호스팩,492220
627,00534701,세아메카닉스,396300
628,01857991,디비금융제13호스팩,489730
629,01370863,그린리소스,402490
630,00528791,제일엠앤에스,412540
631,00629212,딜리,131180
632,00259545,엠에스오토텍,123040
633,00868705,윈스테크넷,136540
634,00821607,알톤,123750
635,00297989,오르비텍,046120
636,00338170,이닉스,452400
637,00397191,팬엔터테인먼트,068050
638,00445054,하나마이크론,067310
639,00155638,피에스텍,002230
640,01302853,아이씨에이치,368600
641,01804476,유안타제16호스팩,474490
642,01385050,넥스트바이오메디컬,389650
643,01090471,씨아이에스,222080
644,00663669,폴라리스우노,114630
645,00385336,홈캐스트,064240
646,00672603,케이엔알시스템,199430
647,00103644,비츠로테크,042370
648,00141389,KZ정밀,036560
649,00207375,대한뉴팜,054670
650,00623184,오늘이엔엠,192410
651,01516766,아이비젼웍스,469750
652,01276026,지놈앤컴퍼니,314130
653,01358463,현대무벡스,319400
654,01368354,네패스아크,330860
655,01270749,웨이비스,289930
656,01011526,엔켐,348370
657,01085026,유진테크놀로지,240600
658,01186404,디앤씨미디어,263720
659,00310156,셀루메드,049180
660,01747977,엘케이켐,489500
661,00166175,대호특수강,021040
662,01082348,오스테오닉,226400
663,00877174,엠브레인,169330
664,00121507,무림SP,001810
665,01373709,아이씨티케이,456010
666,00156956,한국기업평가,034950
667,00317681,메타바이오메드,059210
668,00326731,바이오니아,064550
669,00349060,한스바이오메드,042520
670,00447007,알리코제약,260660
671,00608440,티앤엘,340570
672,00767628,나이벡,138610
673,00971726,옵티팜,153710
674,01063954,수젠텍,253840
675,00226547,오상자이엘,053980
676,01161432,레이저옵텍,199550
677,00228059,휴온스글로벌,084110
678,00242934,케이엠,083550
679,01152470,펄어비스,263750
680,00303703,CS,065770
681,01700587,이노스페이스,462350
682,00247975,솔브레인홀딩스,036830
683,01275489,셀비온,308430
684,00962393,포인트모바일,318020
685,01801822,SK증권제13호스팩,473950
686,00521390,뉴파워프라즈마,144960
687,00263654,오스코텍,039200
688,00983916,HLB제넥스,187420
689,01877126,키움제10호스팩,487720
690,00606770,참좋은여행,094850
691,01592049,엔젤로보틱스,455900
692,00536541,에코프로,086520
693,00492353,파이오링크,170790
694,00374738,위세아이텍,065370
695,01817249,미래에셋비전스팩5호,477470
696,01250374,에스에스알,275630
697,01182550,EDGC,245620
698,01051472,젠큐릭스,229000
699,00296078,APS,054620
700,00871833,에스티팜,237690
701,01686427,에스오에스랩,464080
702,00110750,플루토스,019570
703,01834194,엔에이치스팩31호,481890
704,01845534,대신밸런스제19호스팩,482690
705,01445440,위츠,459100
706,01498576,유디엠텍,389680
707,00300405,오리엔트정공,065500
708,00447575,제이앤티씨,204270
709,00480783,상신이디피,091580
710,01590528,아스테라시스,450950
711,01678312,아이빔테크놀로지,460470
712,01873272,키움제11호스팩,489480
713,01374717,미트박스,475460
714,01872219,유안타제17호스팩,493790
715,00186799,태웅,044490
716,00965813,미투온,201490
717,00527002,화인써키트,127980
718,01492217,엑셀세라퓨틱스,373110
719,01020524,자이글,234920
720,00109268,대동스틸,048470
721,00135999,신라섬유,001000
722,00536329,노블엠앤비,106520
723,01458161,티엑스알로보틱스,484810
724,00863533,삼양엔씨켐,482630
725,00223762,KT지니뮤직,043610
726,01526806,삼기에너지솔루션즈,419050
727,01854392,유진스팩11호,488060
728,00958327,지앤비에스 에코,382800
729,01110076,비유테크놀러지,230980
730,00156442,한국가구,004590
731,00206686,케이피엠테크,042040
732,00216647,원익홀딩스,030530
733,00222435,제이엠아이,033050
734,00267854,메디앙스,014100
735,00346407,크레오에스지,040350
736,01728167,아이지넷,462980
737,01881800,한화플러스제5호스팩,498390
738,00657002,에이디테크놀로지,200710
739,00141671,오리콤,010470
740,00357740,NHN KCP,060250
741,00384762,파커스,065690
742,00466428,아미노로직스,074430
743,01372782,엑스게이트,356680
744,01453944,벡트,457600
745,00223513,제이씨현시스템,033320
746,00366845,탑엔지니어링,065130
747,01796858,신영스팩10호,472220
748,01813377,에이치엠씨제7호스팩,477340
749,00556907,에이스테크,088800
750,00665676,아시아경제,127710
751,00666204,제너셈,217190
752,00799539,제노레이,122310
753,01105621,엔투텍,227950
754,01112889,피엔에이치테크,239890
755,00355089,토탈소프트,045340
756,00958664,신스틸,162300
757,00199076,동일기연,032960
758,01258428,프레스티지바이오로직스,334970
759,01423916,온코크로스,382150
760,01444380,에이텀,355690
761,01472930,오브젠,417860
762,01579570,시큐레터,418250
763,01203808,AP시스템,265520
764,00765897,한국피아이엠,448900
765,00301112,삼화네트웍스,046390
766,01408999,웨이버스,336060
767,01023211,와이제이링크,209640
768,00927558,유바이오로직스,206650
769,00574611,SDN,099220
770,00613318,와이지엔터테인먼트,122870
771,00870065,쓰리에이로직스,177900
772,01563922,엠오티,413390
773,00474588,한중엔시에스,107640
774,01819867,미래에셋비전스팩6호,478440
775,00140566,한탑,002680
776,00192499,팜스토리,027710
777,00241209,모아텍,033200
778,00242378,이지홀딩스,035810
779,00370006,iMBC,052220
780,01226270,스톰테크,352090
781,00303794,쇼박스,086980
782,00875307,야스,255440
783,00220622,서호전기,065710
784,00681373,디지캡,197140
785,01353024,TS트릴리온,317240
786,00445841,MDS테크,086960
787,00370255,테크엘,064520
788,00298447,아모텍,052710
789,00863038,캐리,313760
790,01366000,태성,323280
791,01492688,드림인사이트,362990
792,01841635,미래에셋비전스팩7호,482680
793,01153105,비비씨,318410
794,00816933,진영,285800
795,00449254,쎄트렉아이,099320
796,00545734,아미코젠,092040
797,00560849,에스앤디,260970
798,00397252,조이시티,067000
799,00435969,인피니트헬스케어,071200
800,01168684,스튜디오드래곤,253450
801,00576798,디아이티,110990
802,00592653,유비벨록스,089850
803,01601222,씨피시스템,413630
804,00299844,미래반도체,254490
805,00650771,하이젠알앤엠,160190
806,00579139,한국맥널티,222980
807,00986898,팜스빌,318010
808,01632912,온코닉테라퓨틱스,476060
809,00108001,남화토건,091590
810,00158565,한국알콜,017890
811,00184667,유진기업,023410
812,00200910,아이즈비전,031310
813,00329093,코데즈컴바인,047770
814,00528515,한라IMS,092460
815,01851650,KB제30호스팩,486630
816,00442154,제이엔케이글로벌,126880
817,01453670,휴럼,353190
818,01491607,오에스피,368970
819,00101549,경동제약,011040
820,00103015,고려제약,014570
821,00113128,대한약품,023910
822,00114686,동구바이오제약,006620
823,00114808,동국제약,086450
824,00540863,GST,083450
825,00614478,휴메딕스,200670
826,00656289,코스맥스엔비티,222040
827,00991298,씨이랩,189330
828,01663569,하스,450330
829,01110182,SCL사이언스,246960
830,00139205,안국약품,001540
831,00577016,수산아이앤티,050960
832,00126788,삼아제약,009300
833,00136448,신신제약,002800
834,00137058,신일제약,012790
835,01098792,본느,226340
836,01181807,형지글로벌,308100
837,01211232,코윈테크,282880
838,01605282,닷밀,464580
839,00210740,대화제약,067080
840,00216027,바이넥스,053030
841,00231831,조아제약,034940
842,00256043,비씨월드제약,200780
843,00541349,셀트리온제약,068760
844,00765851,위더스제약,330350
845,00359395,헬릭스미스,084990
846,01245062,코오롱티슈진,950160
847,01290381,피엔케이피부임상연구센타,347740
848,00446901,코칩,126730
849,01798722,SK증권제12호스팩,473000
850,01012066,HK이노엔,195940
851,00109310,대동기어,008830
852,00128111,포스코엠텍,009520
853,00130763,서울반도체,046890
854,00153375,태광,023160
855,00156910,SBI인베스트먼트,019550
856,00488402,서울바이오시스,092190
857,00668965,지오엘리먼트,311320
858,00249894,테라젠이텍스,066700
859,01165155,모비스,250060
860,00113261,대한광통신,010170
861,00184889,이건홀딩스,039020
862,00899556,제룡산업,147830
863,01807747,신한제13호스팩,474930
864,01809569,신한제12호스팩,474660
865,00117966,동원개발,013120
866,01274329,성일하이텍,365340
867,01689266,케이쓰리아이,431190
868,00121154,엠에스씨,009780
869,00158219,시그네틱스,033170
870,00205003,좋은사람들,033340
871,00259590,바른손이앤에이,035620
872,00262266,삼현,437730
873,00267906,베뉴지,019010
874,01008762,데브시스터즈,194480
875,00175173,오스템,031510
876,00253985,국보디자인,066620
877,00788773,씨젠,096530
878,01553129,제이투케이바이오,420570
879,00415707,엔텔스,069410
880,01663116,에어레인,163280
881,00400121,유아이디,069330
882,00819374,나무가,190510
883,01109070,비피도,238200
884,00148470,제일일렉트릭,199820
885,00105466,KCC건설,021320
886,00109037,대성창투,027830
887,00317104,라이온켐텍,171120
888,00346610,시지메드텍,056090
889,00372226,티에스이,131290
890,00494476,이녹스,088390
891,00535481,에스와이,109610
892,00540447,유니테스트,086390
893,01493793,코셈,360350
894,01448544,셀로맥스사이언스,471820
895,00169215,에너토크,019990
896,00187725,코콤,015710
897,00246620,케이엘넷,039420
898,01128622,이스트에이드,239340
899,00547510,툴젠,199800
900,00573269,에스코넥,096630
901,00657987,KX,122450
902,00675594,디티앤씨,187220
903,01217795,엠에프씨,432980
904,01237540,이녹스첨단소재,272290
905,01390399,솔트웨어,328380
906,00367604,SM Life Design,063440
907,00656951,현대이지웰,090850
908,01027828,퓨릿,445180
909,00250137,와이어블,065530
910,00261957,한국정보공학,039740
911,00269889,누리플렉스,040160
912,01025644,강스템바이오텍,217730
913,01011395,레몬,294140
914,00475985,시너지이노베이션,048870
915,00138598,아비코전자,036010
916,00297448,플래스크,041590
917,00556615,모바일어플라이언스,087260
918,01118281,피플바이오,304840
919,01709065,마키나락스,477850
920,00876643,캐프,198080
921,01071944,미래생명자원,218150
922,01933981,비엔케이제3호스팩,0068Y0
923,01782004,뉴로핏,380550
924,01335143,로킷헬스케어,376900
925,01042429,넥써쓰,205500
926,00814582,탑런토탈솔루션,336680
927,00362292,씨티씨바이오,060590
928,01602638,한싹,430690
929,00942131,앤디포스,238090
930,00385363,빅텍,065450
931,00265421,인지디스플레,037330
932,00914341,아이티켐,309710
933,00416414,넥스턴앤롤코리아,089140
934,00659161,싸이맥스,160980
935,01428948,오아,342870
936,01466373,알트,459550
937,00204642,티비씨,033830
938,00288495,HC홈센타,060560
939,00568461,HC보광산업,225530
940,00203847,국일신동,060480
941,00104810,소노스퀘어,007720
942,00201432,비츠로시스,054220
943,00375931,인선이엔티,060150
944,00885906,에이치와이티씨,148930
945,01397903,엔젠바이오,354200
946,00519252,THE E&M,089230
947,01405585,윙스풋,335870
948,00145914,인터엠,017250
949,01010615,세나테크놀로지,061090
950,00208134,KNN,058400
951,01099667,에스디생명공학,217480
952,00667425,에이팩트,200470
953,00977650,엔케이젠바이오텍코리아,182400
954,00440712,리튬포어스,073570
955,00243979,수성웹툰,084180
956,00180865,디에이치엑스컴퍼니,031860
957,00524421,테스,095610
958,00966168,디알젬,263690
959,00683061,한라캐스트,125490
960,01957909,삼성스팩13호,0115H0
961,01584934,핑거스토리,417180
962,01259418,대보마그네틱,290670
963,00486875,우양,103840
964,00220109,알파AI,043100
965,00367695,에이전트AI,060900
966,01571107,오픈엣지테크놀로지,394280
967,01946532,삼성스팩12호,0096B0
968,00560982,바이오솔루션,086820
969,00151605,THE CUBE&,013720
970,01267967,마이크로디지탈,305090
971,00693554,티케이케미칼,104480
972,00122205,졸스,018700
973,00571483,오이솔루션,138080
974,01512575,코어라인소프트,384470
975,01506617,쓰리빌리언,394800
976,00527491,하이드로리튬,101670
977,00356839,메디콕스,054180
978,01817920,페스카로,0015S0
979,00229021,인성정보,033230
980,00562360,에코볼트,097780
981,01219155,네오크레마,311390
982,01326279,아이엘,307180
983,01534577,청담글로벌,362320
984,00336817,HLB제약,047920
985,00522007,크리스에프앤씨,110790
986,00108649,TPC로보틱스,048770
987,00287812,에코심플렉스,038870
988,00526951,신화프리텍,095190
989,01157846,바이오포트,188040
990,00149770,중앙에너비스,000440
991,00516246,알에프세미,096610
992,00962922,팬젠,222110
993,00146427,한주에이알티,058450
994,00298377,아이씨디,040910
995,00638487,파수AI,150900
996,00809429,뉴온,123840
997,00958451,한선엔지니어링,452280
998,01182408,소프트캠프,258790
999,01495180,파로스아이바이오,388870
1000,01294110,에스엔시스,0008Z0
1001,01549472,대진첨단소재,393970
1002,00645089,NHN벅스,104200
1003,00426068,엑시온그룹,069920
1004,00164618,현대사료,016790
1005,00627029,DGI,099520
1006,01084294,오토앤,353590
1007,00580065,월덱스,101160
1008,00231044,우리기술,032820
1009,00624998,제닉,123330
1010,00128607,삼천리자전거,024950
1011,00206039,경남스틸,039240
1012,01136977,마녀공장,439090
1013,00232821,에이치엠넥스,036170
1014,00110431,JW신약,067290
1015,00608316,대한과학,131220
1016,00632845,노랑풍선,104620
1017,00352499,링네트,042500
1018,01513440,파이버프로,368770
1019,00977641,하이로닉,149980
1020,01166109,예선테크,250930
1021,00260657,오상헬스케어,036220
1022,00264714,SG&G,040610
1023,01217865,프롬바이오,377220
1024,01689035,민테크,452200
1025,00177320,대성미생물,036480
1026,00384887,에이테크솔루션,071670
1027,00549891,케어젠,214370
1028,01462739,비아이매트릭스,413640
1029,00407294,유라클,088340
1030,00152589,코리아나,027050
1031,00793155,핸디소프트,220180
1032,00405506,삼영에스앤씨,361670
1033,00579980,아이티엠반도체,084850
1034,00497631,티플랙스,081150
1035,00874803,AP위성,211270
1036,00875237,씨앤투스,352700
1037,01311055,쿠콘,294570
1038,01327746,보로노이,310210
1039,01806951,폰드그룹,472850
1040,00225742,LS마린솔루션,060370
1041,00245694,남화산업,111710
1042,00255275,HB테크놀러지,078150
1043,00330424,LS증권,078020
1044,00415327,중앙백신,072020
1045,00453442,해성에어로보틱스,059270
1046,00524786,비엠티,086670
1047,00530185,이엔에프테크놀로지,102710
1048,00244561,그래디언트,035080
1049,01015160,PS일렉트로닉스,332570
1050,01292291,파두,440110
1051,00377018,기가레인,049080
1052,01565364,폴레드,487580
1053,01671285,쿼드메디슨,464490
1054,01455410,파인메딕스,387570
1055,01016309,한켐,457370
1056,01214248,뉴트리,270870
1057,01818682,한국제15호스팩,479880
1058,00359261,빛샘전자,072950
1059,00178790,동양이엔피,079960
1060,00410915,서울옥션,063170
1061,00155692,우리엔터프라이즈,037400
1062,00308896,셀피글로벌,068940
1063,00643656,위메이드맥스,101730
1064,01012987,아모센스,357580
1065,01113754,티이엠씨씨엔에스,241790
1066,01144569,피엔티엠에스,257370
1067,01409022,페니트리움바이오,187660
1068,00137915,엠엑스로보틱스,007820
1069,00670766,엠엑스온,347890
1070,00915508,알엔투테크놀로지,148250
1071,01407158,이노테나,333050
1072,01588189,씨메스로보틱스,475400
1073,01605529,버넥트,438700
1074,00255044,현대에이치티,039010
1075,00869272,서전기전,189860
1076,00219361,해성산업,034810
1077,01293485,제닉스로보틱스,381620
1078,00217743,화성밸브,039610
1079,01189438,HLB바이오스텝,278650
1080,01259311,푸드나무,290720
1081,00156600,한주라이트메탈,198940
1082,00626464,지엔씨에너지,119850
1083,01551042,애드포러스,397810
1084,01214743,더네이쳐홀딩스,298540
1085,00624518,다산솔루에타,154040
1086,00493185,제이스로보틱스,090470
1087,01036367,아크솔루션스,203690
1088,01065679,이노인스트루먼트,215790
1089,01175499,큐에이드,377460
1090,01329957,국전,307750
1091,01594791,나우로보틱스,459510
1092,00158015,한국선재,025550
1093,01146822,아이퀘스트,262840
1094,00606886,엔지켐생명과학,183490
1095,01585155,오픈놀,440320
1096,00189538,피델릭스,032580
1097,00265041,삼양케이씨아이,036670
1098,00463342,폴라리스AI파마,041910
1099,01506848,비스토스,419540
1100,01063884,솔디펜스,215090
1101,01153293,제이엘케이,322510
1102,00306454,한국정보인증,053300
1103,00493510,뉴프렉스,085670
1104,00799070,딥커머스,900110
1105,00923826,일월지엠엘,178780
1106,00814786,티엔엔터테인먼트,131100
1107,00545929,제넥신,095700
1108,01075126,사토시홀딩스,223310
1109,01109937,티앤알바이오팹,246710
1110,00411048,에스앤에스텍,101490
1111,00319272,성우,458650
1112,01101254,케이피항공산업,288180
1113,01336762,스피어,347700
1114,00128315,삼지전자,037460
1115,00146560,일지테크,019540
1116,00101752,케이씨피드,025880
1117,00161462,에이티넘인베스트,021080
1118,00245472,티씨케이,064760
1119,00454937,덕신이피씨,090410
1120,00363769,NICE인프라,063570
1121,01380578,도우인시스,484120
1122,01182240,배럴,267790
1123,00763701,헥토파이낸셜,234340
1124,01135057,녹십자웰빙,234690
1125,01246034,다이나믹솔루션,290660
1126,01419205,피앤에스로보틱스,460940
1127,01468061,레뷰코퍼레이션,443250
1128,01279698,채비,0011T0
1129,00137289,이엘씨,041520
1130,01140837,이지트로닉스,377330
1131,00302582,캐스텍코리아,071850
1132,01784677,키움히어로제1호스팩,466690
1133,01859500,아이엠바이오로직스,493280
1134,01708163,엔알비,475230
1135,00200275,YTN,040300
1136,00381756,티씨머티리얼즈,125020
1137,01688568,프로티나,468530
1138,01454341,플래티어,367000
1139,00136101,메이슨캐피탈,021880
1140,01335453,조이웍스앤코,309930
1141,01049167,롤링스톤,214610
1142,00228536,현대에버다임,041440
1143,01211889,이지스,261520
1144,00297934,피씨디렉트,051380
1145,00304076,케이엔솔,053080
1146,00309831,알에프텍,061040
1147,00363927,NE능률,053290
1148,00407814,CG인바이츠,083790
1149,00486370,성창오토텍,080470
1150,00523936,HB솔루션,297890
1151,01335790,바이젠셀,308080
1152,01622331,벨로크,424760
1153,00552859,HLB테라퓨틱스,115450
1154,00811372,노바렉스,194700
1155,00862853,플레이디,237820
1156,00919966,신라젠,215600
1157,00970453,파마리서치,214450
1158,01038693,드림시큐리티,203650
1159,01067516,골프존,215000
1160,01276327,위지윅스튜디오,299900
1161,01326792,비투엔,307870
1162,01185566,휴엠앤씨,263920
1163,00924931,엔비알모션,0004V0
1164,00788737,이퓨쳐,134060
1165,01584183,퀄리타스반도체,432720
1166,00803425,코리아에프티,123410
1167,00180263,리더스코스메틱,016100
1168,01902990,KB제32호스팩,0037T0
1169,00653194,앱토크롬,109960
1170,00888347,휴젤,145020
1171,00136165,스페코,013810
1172,01436479,토마토시스템,393210
1173,01508855,블리츠웨이엔터테인먼트,369370
1174,01511558,네오이뮨텍,950220
1175,01555215,스마트레이더시스템,424960
1176,01575839,플라즈맵,405000
1177,00896753,에코글로우,159910
1178,01201970,셀레스트라,352770
1179,00580667,S&K폴리텍,091340
1180,00995993,DXVX,180400
1181,00318662,CNT85,056730
1182,00147772,정원엔시스,045510
1183,01706794,아이언디바이스,464500
1184,01265251,압타머사이언스,291650
1185,00605124,알파칩스,117670
1186,00144012,원풍,008370
1187,01138364,더핑크퐁컴퍼니,403850
1188,01573284,코닉오토메이션,391710
1189,00392691,포니링크,064800
1190,01786958,큐리오시스,494120
1191,01203659,이뮨온시아,424870
1192,00147152,유니크,011320
1193,00366942,미코,059090
1194,00369569,비케이홀딩스,050090
1195,01251595,압타바이오,293780
1196,01869710,인벤테라,0007J0
1197,00681249,씨유메디칼,115480
1198,00620868,아이티센글로벌,124500
1199,00506294,가비아,079940
1200,00923792,내츄럴엔도텍,168330
1201,01429840,아이티아이즈,372800
1202,00493325,에이엘티,172670
1203,00267942,큐캐피탈,016600
1204,00535746,컴투스홀딩스,063080
1205,00261054,EG,037370
1206,01194607,비츠로넥스텍,488900
1207,00120906,에스아이리소스,065420
1208,00399694,SOOP,067160
1209,00158024,KBI메탈,024840
1210,00173449,빌리언스,044480
1211,00256502,에이텍,045660
1212,00271501,코아시아,045970
1213,00276083,피노,033790
1214,00305570,코스리거글로벌,043710
1215,00357607,케이피티유,054410
1216,00371740,디티씨,066670
1217,00404941,한텍,098070
1218,00409964,하이텍팜,106190
1219,00530413,더코디,224060
1220,01041828,JTC,950170
1221,00160010,한국큐빅,021650
1222,01221752,지에프씨생명과학,388610
1223,01504211,라메디텍,462510
1224,00411808,제이오,418550
1225,01964246,키움히어로제2호스팩,0131D0
1226,00407036,선바이오,067370
1227,01315042,시선AI,340810
1228,00541437,코렌텍,104540
1229,00554352,아이큐어,175250
1230,00619640,에코앤드림,101360
1231,00787057,휴맥스,115160
1232,00813389,베셀,177350
1233,00842619,리가켐바이오,141080
1234,01116502,아티스트컴퍼니,321820
1235,01141599,차백신연구소,261780
1236,01210190,모비릭스,348030
1237,01276901,엔피,291230
1238,01381391,에스피소프트,443670
1239,01445024,한패스,408470
1240,01299106,우듬지팜,403490
1241,01513699,포바이포,389140
1242,00867849,오파스넷,173130
1243,00525679,차바이오텍,085660
1244,01053540,퓨쳐켐,220100
1245,00356802,큐렉소,060280
1246,01035678,링크드,193250
1247,01049422,썸에이지,208640
1248,01236532,와이즈버즈,273060
1249,00298270,안랩,053800
1250,00367482,빛과전자,069540
1251,00876865,네오오토,212560
1252,00111218,KD,044180
1253,01223219,에이에프더블류,312610
1254,01227039,파라택시스코리아,288330
1255,00479705,케스피온,079190
1256,01042650,큐리언트,115180
1257,01573336,토모큐브,475960
1258,01875146,신한제16호스팩,496070
1259,01089350,켐트로스,220260
1260,01359815,한울반도체,320000
1261,01020843,원익피앤이,217820
1262,00336297,고려신용정보,049720
1263,00815095,우리이앤엘하루틴,153490
1264,00556712,힘스,238490
1265,01409095,비트맥스,377030
1266,01026616,지구홀딩스,221800
1267,01514698,엑스플러스,373200
1268,00925374,윤성에프앤씨,372170
1269,01109955,링크제니시스,219420
1270,00660033,씨엔플러스,115530
1271,00219440,휴맥스홀딩스,028080
1272,01335930,티움바이오,321550
1273,00384717,비엘팜텍,065170
1274,00532855,한국유니온제약,080720
1275,00370200,아이로보틱스,066430
1276,00445160,APS이노베이션,079810
1277,00462121,LIG아큐버,073490
1278,01514227,씨어스,458870
1279,01267222,에피소드컴퍼니,317530
1280,01516890,E8,418620
1281,01307593,에이아이코리아,364950
1282,01110474,풍전약품,298060
1283,00378363,3S,060310
1284,00761183,신성에스티,416180
1285,00938721,필옵틱스,161580
1286,00308559,코디,080530
1287,00442570,제우스,079370
1288,01639508,뉴엔AI,463020
1289,01450938,지에프아이,493330
1290,01565054,그래피,318060
1291,00608802,텔콘RF제약,200230
1292,00911229,라온로보틱스,232680
1293,00268251,다산네트웍스,039560
1294,00874168,싸이닉솔루션,234030
1295,00770312,마니커에프앤지,195500
1296,01152586,유일로보틱스,388720
1297,00608699,탑코미디어,134580
1298,00610083,비아트론,141000
1299,00486097,KT나스미디어,089600
1300,00136004,신라에스지,025870
1301,00220057,GC메디아이,032620
1302,00405278,KG파이낸셜,046440
1303,00363510,제이케이시냅스,060230
1304,00129615,상보,027580
1305,01029394,에코마케팅,230360
1306,01073261,동방메디컬,240550
1307,01359736,프로이천,321260
1308,00226352,케이엠더블유,032500
1309,01497373,아이엠비디엑스,461030
1310,00270113,멕아이씨에스,058110
1311,00112457,대주산업,003310
1312,01587056,엔젯,419080
1313,00110884,엠젠솔루션,032790
1314,01636565,루미르,474170
1315,01023318,센코,347000
1316,00364467,드림어스컴퍼니,060570
1317,00595182,아톤,158430
1318,01114586,셀레믹스,331920
1319,01050738,솔트룩스,304100
1320,00598198,컴퍼니케이,307930
1321,00867034,듀켐바이오,176750
1322,00199988,SY동아,041930
1323,01160974,바이오에프디엔씨,251120
1324,01284876,인스피언,465480
1325,00306870,손오공,066910
1326,01910324,교보18호스팩,0041B0
1327,01577952,지투지바이오,456160
1328,01084364,다산디엠씨,208860
1329,00273110,에스티큐브,052020
1330,01489648,솔브레인,357780
1331,01573381,레이저쎌,412350
1332,01110678,유틸렉스,263050
1333,00260745,서울평가정보,036120
1334,01230255,한울앤제주,276730
1335,01718407,블랙야크아이앤씨,478560
1336,00535375,키네마스터,139670
1337,00370918,케이디켐,221980
1338,00102353,경창산업,024910
1339,00488989,한양디지텍,078350
1340,00159342,한국정보통신,025770
1341,01242241,샌즈랩,411080
1342,00531014,유진테크,084370
1343,00442826,대봉엘에스,078140
1344,01263527,카이노스메드,284620
1345,01022142,엠디바이스,226590
1346,01949469,미래에셋비전스팩10호,0097F0
1347,00838005,서진시스템,178320
1348,01157235,아스타,246720
1349,01256864,에이비엘바이오,298380
1350,00820352,파인텍,131760
1351,00104573,국일제지,078130
1352,00111838,대원,007680
1353,00120289,제이에스티나,026040
1354,00144243,유니슨,018000
1355,00170026,시공테크,020710
1356,00204323,키스트론,475430
1357,00260958,케이티알파,036030
1358,00263371,한국경제TV,039340
1359,00668600,케이옥션,102370
1360,01693922,지슨,446840
1361,00492894,젬백스,082270
1362,01385005,리브스메드,491000
1363,01829819,아크릴,0007C0
1364,01031502,코아시아씨엠,196450
1365,01376715,디앤디파마텍,347850
1366,00833064,엠플러스,259630
1367,01201590,에브리봇,270660
1368,01274310,이오플로우,294090
1369,00542898,케이이엠텍,106080
1370,01137860,위너스일렉,479960
1371,01341630,이노에이엑스,296640
1372,01021949,덱스터,206560
1373,01117413,바이오다인,314930
1374,00525864,피앤씨테크,237750
1375,00111874,대원산업,005710
1376,00117276,네이처셀,007390
1377,00155586,HLB이노베이션,024850
1378,00328191,케이에스피,073010
1379,00489243,동아엘텍,088130
1380,01037542,NPX,222160
1381,01626391,오가노이드사이언스,476040
1382,01063990,로보로보,215100
1383,00178851,동양에스텍,060380
1384,00131504,서한,011370
1385,01704680,M83,476080
1386,01243161,인산가,277410
1387,01108442,에치에프알,230240
1388,01344336,신테카바이오,226330
1389,00152127,심텍홀딩스,036710
1390,00301422,스모트로닉,066590
1391,00351454,더테크놀로지,043090
1392,00361169,한국전자인증,041460
1393,00361381,제이브이엠,054950
1394,00365590,HLB생명과학,067630
1395,01399071,고바이오랩,348150
1396,00807555,메가엠디,133750
1397,01275665,리메드,302550
1398,00296263,YW,051390
1399,00406222,쎄크,081180
1400,01253636,에르코스,435570
1401,00491415,인포바인,115310
1402,01042711,글로벌텍스프리,204620
1403,01782183,카나프테라퓨틱스,0082N0
1404,00365624,아이윈,090150
1405,00391197,하이퍼코퍼레이션,065650
1406,00406037,CSA 코스믹,083660
1407,00425351,멀티캠퍼스,067280
1408,00447487,제주반도체,080220
1409,00475976,인콘,083640
1410,00488244,원일티엔아이,136150
1411,00560122,한울소재과학,091440
1412,01042359,지엘팜텍,204840
1413,00962223,지니언스,263860
1414,01764099,링크솔루션,474650
1415,01375822,에이프릴바이오,397030
1416,00475718,이엠앤아이,083470
1417,00563545,두산테스나,131970
1418,00580056,스맥,099440
1419,00585538,에스에너지,095910
1420,00596677,매커스,093520
1421,00599106,네오리진,094860
1422,00620558,에이비프로바이오,195990
1423,00654175,피엠티,147760
1424,00694942,이미지스,115610
1425,00778235,TS인베스트먼트,246690
1426,00861997,휴먼테크놀로지,175140
1427,00866451,워트,396470
1428,00916516,흥국에프엔비,189980
1429,00956028,엑세스바이오,950130
1430,01037214,킵스파마,256940
1431,01042979,휴마시스,205470
1432,00536286,윈팩,097800
1433,01931585,엔에이치스팩32호,0054V0
1434,00957735,클리오,237880
1435,00624378,마이크로투나노,424980
1436,01437432,디티앤씨알오,383930
1437,00120924,매일홀딩스,005990
1438,00479787,인텍플러스,064290
1439,01046391,싸이토젠,217330
1440,01061497,FSN,214270
1441,01065013,우정바이오,215380
1442,01068737,에이치피오,357230
1443,01073678,얼라인드,238120
1444,01089378,디와이디,219550
1445,01095704,케이엠제약,225430
1446,01124680,보라티알,250000
1447,01182259,알피바이오,314140
1448,01210066,리파인,377450
1449,01222867,제테마,216080
1450,01226410,씨앤씨인터내셔널,352480
1451,01258020,에스바이오메딕스,304360
1452,01261644,레인보우로보틱스,277810
1453,01299203,그리드위즈,453450
1454,01368637,유일에너테크,340930
1455,01393721,포커스에이아이,331380
1456,01406265,와이랩,432430
1457,01297898,마음AI,377480
1458,00442455,코스나인,082660
1459,00150536,진양제약,007370
1460,00402110,시큐브,131090
1461,01051065,엔비티,236810
1462,01311310,지아이텍,382480
1463,00617998,폴라리스세원,234100
1464,00618410,KS인더스트리,101000
1465,00657783,모델솔루션,417970
1466,01416642,다보링크,340360
1467,01435489,범한퓨얼셀,382900
1468,01437858,진시스템,363250
1469,01440153,넥사다이내믹스,351320
1470,01462605,지투파워,388050
1471,01480568,이지바이오,353810
1472,01638387,케이지에이,455180
1473,01784914,클로봇,466100
1474,01963520,신한제17호스팩,0130D0
1475,01947072,미래에셋비전스팩8호,0093G0
1476,01335851,박셀바이오,323990
1477,01946596,미래에셋비전스팩9호,0096D0
1478,01649620,아우토크립트,331740
1479,00144021,원풍물산,008290
1480,00664853,제이씨케미칼,137950
1481,00799177,삼기,122350
1482,00923516,메가터치,446540
1483,00983934,아이스크림에듀,289010
1484,01031229,한국비티비,219750
1485,01032583,강동씨앤엘,198440
1486,01033591,큐알티,405100
1487,01061558,덕산네오룩스,213420
1488,00641393,엔시트론,101400
1489,00567222,우림피티에스,101170
1490,01781999,에임드바이오,0009K0
1491,01109539,와이씨,232140
1492,01113499,아이티센피엔에스,232830
1493,01264438,자이언트스텝,289220
1494,01343665,RF머트리얼즈,327260
1495,01965698,엔에이치스팩33호,0130H0
1496,00249441,씨씨에스,066790
1497,00674498,골프존홀딩스,121440
1498,00232089,바이온,032980
1499,01011438,에이치엘사이언스,239610
1500,01906598,하나35호스팩,0041L0
1501,01853214,신한제14호스팩,487360
1502,00917861,슈피겐코리아,192440
1503,00755739,파인테크닉스,106240
1504,00138303,아이티센엔텍,010280
1505,01016479,오로스테크놀로지,322310
1506,01554508,액스비스,0011A0
1507,00187770,한국파마,032300
1508,00992543,LK삼양,225190
1509,01429220,피아이이,452450
1510,01949140,교보19호스팩,0098T0
1511,01949584,IBKS제25호스팩,0099X0
1512,00871587,보원케미칼,0010F0
1513,00385415,일신바이오,068330
1514,00172945,동일스틸럭스,023790
1515,01703849,노머스,473980
1516,00537337,앤씨앤,092600
1517,00373447,서린바이오,038070
1518,00130383,서부T&D,006730
1519,00230425,나노엔텍,039860
1520,00210980,원익,032940
1521,00526696,웨이브일렉트로,095270
1522,00963976,SG,255220
1523,00783246,글로벌에스엠,900070
1524,01360875,탑머티리얼,360070
1525,01318933,지니틱스,303030
1526,01398151,밸로프,331520
1527,00147082,재영솔루텍,049630
1528,01021666,덕산테코피아,317330
1529,01318261,더블유에스아이,299170
1530,01374443,인투셀,287840
1531,01455492,데이원컴퍼니,373160
1532,00146436,엔브이에이치코리아,067570
1533,00173591,세원물산,024830
1534,00177870,대창솔루션,096350
1535,00199252,HLB,028300
1536,00249502,골드앤에스,035290
1537,00258360,위지트,036090
1538,00260611,웰킵스하이텍,043590
1539,00261373,마크로젠,038290
1540,00264671,세중,039310
1541,00141583,삼양컴텍,484590
1542,00533924,이브이첨단소재,131400
1543,00145668,이화공영,001840
1544,00157636,케이피에프,024880
1545,00261656,잉크테크,049550
1546,01187148,케어랩스,263700
1547,00232007,상지건설,042940
1548,00244747,파크시스템스,140860
1549,01067808,넵튠,217270
1550,01136001,나노실리칸첨단소재,286750
1551,00409788,비에이치아이,083650
1552,01957282,테라뷰,950250
1553,01467451,KT밀리의서재,418470
1554,00348292,한빛소프트,047080
1555,01745173,이노테크,469610
1556,00128175,원익큐브,014190
1557,00131896,선광,003100
1558,00139153,에코플라스틱,038110
1559,00155452,풍국주정,023900
1560,00198192,한국팩키지,037230
1561,00203209,에쎈테크,043340
1562,00140061,티케이지애강,022220
1563,00268118,코맥스,036690
1564,00307222,YBM넷,057030
1565,00373571,스타코링크,060240
1566,00609634,아이엠,101390
1567,01228515,앱튼,270520
1568,01569102,라이콤,388790
1569,01364297,코퍼스코리아,322780
1570,01222113,인스웨이브,450520
1571,01383779,에스켐,475660
1572,00252135,주성엔지니어링,036930
1573,00125725,디모아,016670
1574,00227333,네패스,033640
1575,00229030,알멕,354320
1576,00230911,HRS,036640
1577,00307028,경남제약,053950
1578,00318316,대아티아이,045390
1579,00364740,머큐리,100590
1580,00366137,KG에코솔루션,151860
1581,00389998,한성크린텍,066980
1582,00492706,씨싸이트,109670
1583,01559637,블루엠텍,439580
1584,00808068,앤로보틱스,138360
1585,01514005,크라우드웍스,355390
1586,00252269,아이에이,038880
1587,01099861,에이텍모빌리티,224110
1588,00216434,체리부로,066360
1589,00124805,푸른저축은행,007330
1590,00408266,유니온바이오메트릭스,203450
1591,00624509,디바이스,187870
1592,00347716,중앙첨단소재,051980
1593,00990819,아티스트스튜디오,200350
1594,01309388,LS티라유텍,322180
1595,00525642,코오롱생명과학,102940
1596,00540571,엘디티,096870
1597,00541163,이엠텍,091120
1598,00569691,디엔에프,092070
1599,00572905,ISC,095340
1600,00611736,엑시콘,092870
1601,00327396,옵트론텍,082210
1602,00127875,삼익제약,014950
1603,00100601,강원에너지,114190
1604,01096341,넥슨게임즈,225570
1605,00959210,코츠테크놀로지,448710
1606,01596920,알지노믹스,476830
1607,01416235,고스트스튜디오,950190
1608,01803635,에스투더블유,488280
1609,00583026,멤레이비티,072770
1610,00989619,알테오젠,196170
1611,01207761,프로브잇,227100
1612,01456011,디어유,376300
1613,01627363,세미파이브,490470
1614,00125664,삼미금속,012210
1615,01958111,메리츠제1호스팩,0088D0
1616,01135084,에스와이스틸텍,365330
1617,00531829,엠아이텍,179290
1618,00190756,와이엔텍,067900
1619,00301246,SFA반도체,036540
1620,00358271,에스에프에이,056190
1621,00362122,나래나노텍,137080
1622,01351080,지아이이노베이션,358570
1623,00231691,판타지오,032800
1624,00579999,고영,098460
1625,01963140,신한제18호스팩,0129K0
1626,00615723,알엔티엑스,123010
1627,01130849,파라택시스이더리움,290560
1628,00176835,NH농우바이오,054050
1629,00513948,녹십자엠에스,142280
1630,01802928,코스모로보틱스,439960
1631,00323868,웹케시,053580
1632,01061327,클래시스,214150
1633,00250614,삼영엠텍,054540
1634,00268002,세종텔레콤,036630
1635,00317487,티에스넥스젠,043220
1636,01062177,제놀루션,225220
1637,01396676,일승,333430
1638,00494546,오비고,352910
1639,00116408,동신건설,025950
1640,00442561,에프알텍,073540
1641,00142713,형지I&C,011080
1642,00657224,아이스크림미디어,461300
1643,00965318,이노시뮬레이션,274400
1644,01267958,프로티아,303360
1645,00264635,에스넷,038680
1646,00390408,인크레더블버즈,064090
1647,01199727,샘씨엔에스,252990
1648,01218299,에코아이,448280
1649,01286476,RF시스템즈,474610
1650,01405451,알체라,347860
1651,01780608,메쥬,0088M0
1652,00116426,이렘,009730
1653,00349811,오션인더블유,052300
1654,00187415,코미팜,041960
1655,00606664,케이엔더블유,105330
1656,00128546,삼천당제약,000250
1657,01051092,피씨엘,241820
1658,00238782,다우데이타,032190
1659,00364254,알티캐스트,085810
1660,00867478,아시아종묘,154030
1661,01381805,아로마티카,0015N0
1662,01516933,덕양에너젠,0001A0
1663,00357430,쎌바이오텍,049960
1664,00130587,서울전자통신,027040
1665,00188973,화일약품,061250
1666,00205687,더라미,032860
1667,00243067,부방,014470
1668,00131018,서울제약,018680
1669,01160363,에코프로비엠,247540
1670,01884065,디비금융제14호스팩,0004Y0
1671,01906552,엘에스스팩1호,0041J0
1672,00149594,한국캐피탈,023760
1673,01336443,디와이씨,310870
1674,01108248,지노믹트리,228760
1675,01657197,바이오비쥬,489460
1676,00293886,위닉스,044340
1677,01070149,올리패스,244460
1678,00346911,아이톡시,052770
1679,00353610,이니텍,053350
1680,00379229,에스에이티,060540
1681,00406329,루멘스,038060
1682,00412348,LB세미콘,061970
1683,00455875,와토스코리아,079000
1684,00491938,GH신소재,130500
1685,01190124,미디어젠,279600
1686,01365825,피에스케이,319660
1687,01497142,엠아이큐브솔루션,373170
1688,01586455,꿈비,407400
1689,01685677,리센스메디컬,394420
1690,00523307,다원시스,068240
1691,00415868,펩트론,087010
1692,00533003,디케이락,105740
1693,00543204,아이오케이이엔엠,078860
1694,00238001,블루콤,033560
1695,01414422,아이비김영,339950
1696,01516456,인벤티지랩,389470
1697,00605522,소룩스,290690
1698,00808086,HLB펩,196300
1699,00305941,노브랜드,145170
1700,01985203,교보20호스팩,0132G0
1701,00526836,미래나노텍,095500
1702,00616962,린드먼아시아,277070
1703,00480048,모다이노칩,080420
1704,00172079,HLB파나진,046210
1705,00389110,지어소프트,051160
1706,01032404,콜마비앤에이치,200130
1707,01344363,다원넥스뷰,323350
1708,01027794,브이원텍,251630
1709,00206659,이랜텍,054210
1710,00219848,서희건설,035890
1711,00255105,케이바이오랩스,038530
1712,00442905,디에스엠,104040
1713,01529982,씨엠티엑스,388210
1714,00964595,엔바이오니아,317870
1715,00982023,실리콘투,257720
1716,00148531,제이스코홀딩스,023440
1717,01179608,포인트엔지니어링,256630
1718,01394669,누보,332290
1719,00185301,제이피아이헬스케어,0010V0
1720,01910759,삼성스팩10호,0044K0
1721,01593668,센서뷰,321370
1722,00186452,광무,029480
1723,00602172,와이엠티,251370
1724,00677486,그린광학,0015G0
1725,00136925,신원종합개발,017000
1726,01091054,쎄노텍,222420
1727,00989664,코아스템켐온,166480
1728,01042085,엑셈,205100
1729,01563667,더즌,462860
1730,01945339,신영스팩11호,0091W0
1731,00306719,에스텍,069510
1732,01391103,젝시믹스,337930
1733,01182578,DH오토리드,290120
1734,01432598,지씨지놈,340450
1735,00526872,이수앱지스,086890
1736,00815767,위메이드플레이,123420
1737,00204226,소프트센,032680
1738,00476498,컴투스,078340
1739,00607496,한빛레이저,452190
1740,01288827,HPSP,403870
1741,00242712,엘컴텍,037950
1742,00351579,비트플래닛,049470
1743,00339072,팬스타엔터프라이즈,054300
1744,01109715,DSC인베스트먼트,241520
1745,00545114,랩지노믹스,084650
1746,00295857,코다코,046070
1747,00390903,우주일렉트로,065680
1748,01810477,노타,486990
1749,00349732,코나아이,052400
1750,01467503,뉴키즈온,462310
1751,00292434,인트론바이오,048530
1752,01590980,심플랫폼,444530
1753,00642541,제이에스링크,127120
1754,01022902,애드바이오텍,179530
1755,01344831,딥노이드,315640
1756,00118804,동진쎄미켐,005290
1757,01506990,옵티코어,380540
1758,01047707,포톤,208710
1759,00273420,이스트소프트,047560
1760,00397058,엠게임,058630
1761,01935183,삼성스팩11호,0071M0
1762,00531078,유비온,084440
1763,00311216,에이치엔에스하이텍,044990
1764,00843900,육일씨엔에쓰,191410
1765,01215618,와이엠텍,273640
1766,00110583,DH오토웨어,025440
1767,00616290,이엠넷,123570
1768,00403766,한국첨단소재,062970
1769,01498974,큐리옥스바이오시스템즈,445680
1770,00526678,동방선기,099410
1771,00273439,메디아나,041920
1772,00470829,인티큐브,070590
1773,00977377,에이비온,203400
1774,00155948,로젠,033290
1775,01290248,스코넥,276040
1776,01325429,지아이에스,306620
1777,00162911,한일사료,005860
1778,00139719,와이지-원,019210
1779,01379563,에스팀,458350
1780,00362201,세운메디칼,100700
1781,00862880,새빗켐,107600
1782,01309795,알로이스,297570
1783,00961507,케일럼,258610
1784,00876908,모트렉스,118990
1785,01480708,HEM파마,376270
1786,00444329,위메이드,112040
1787,00482426,인화정공,101930
1788,01179617,한국비엔씨,256840
1789,01257872,에스프리즘,288620
1790,00563837,제로투세븐,159580
1791,01787355,나라스페이스테크놀로지,478340
1792,01948220,미래에셋비전스팩11호,0099W0
1793,01949195,하나36호스팩,0101C0
1794,00138367,플레이위드,023770
1795,01207716,앱코,129890
1796,00369213,폴라리스AI,039980
1797,00143226,엠투엔,033310
1798,00340096,미래에셋벤처투자,100790
1799,00166528,서암기계공업,100660
1800,00175623,ES큐브,050120
1801,01370322,삼진식품,0013V0
1802,01012640,슈어소프트테크,298830
1803,00104120,광진실업,026910
1804,01524507,핀텔,291810
1805,00651017,나우IB,293580
1806,00980043,비큐AI,148780
1807,01071041,CJ 바이오사이언스,311690
1808,00876166,KBG,318000
1809,01954832,유진스팩12호,0105P0
1810,00959229,세종메디칼,258830
1811,01934935,KB제33호스팩,0072Z0
1812,01235296,셀리드,299660
1813,00591441,어보브반도체,102120
1814,00683007,엑스큐어,070300
1815,00397289,오텍,067170
1816,00550082,캔버스엔,210120
1817,00781202,파이온엑스,900100
1818,01336373,메드팩토,235980
